Site,Partition,&alpha;,&beta;<sup>1</sup>,p<sup>1</sup>,&beta;<sup>+</sup>,p<sup>+</sup>,LRT,p-value,# branches under selection,Total branch length,MEME LogL,FEL LogL,FEL &alpha;,FEL &beta;
1,1,"0.00","0.00","1.00","0.00","0.00","0.00","1.00","0.00","0.00","0.00","0.00","1.00","0.00"
2,1,"1.36","0.00","0.00","0.77","1.00","0.00","0.67","0.00","0.00","-8.09","-8.09","1.00","1.38"
3,1,"0.00","0.00","0.00","11.36","1.00","2.17","0.17","1.00","0.00","-20.24","-19.57","0.51","0.66"
4,1,"22.86","0.00","0.00","4.75","1.00","0.00","0.67","0.00","0.00","-41.92","-41.11","0.44","22.81"
5,1,"4.20","0.00","0.00","32.16","1.00","1.31","0.27","0.00","0.00","-32.60","-31.31","0.27","4.31"
6,1,"35.80","0.00","0.00","2.81","1.00","0.00","0.67","0.00","0.00","-27.84","-27.75","0.91","37.67"
7,1,"2.65","0.28","0.00","0.76","1.00","0.00","0.67","0.00","0.00","-11.00","-11.00","1.00","2.68"
8,1,"4.62","0.57","0.00","1.24","1.00","0.00","0.67","0.00","0.00","-26.41","-26.41","1.00","4.59"
9,1,"0.00","0.00","1.00","0.00","0.00","0.00","1.00","0.00","0.00","0.00","0.00","1.00","0.00"
10,1,"0.00","0.00","1.00","0.00","0.00","0.00","1.00","0.00","0.00","0.00","0.00","1.00","0.00"
11,1,"2.13","1.55","0.00","1.69","1.00","0.00","0.67","0.00","0.00","-24.51","-24.51","1.00","2.12"
12,1,"1.24","0.73","0.00","0.72","1.00","0.00","0.67","0.00","0.00","-17.37","-17.37","1.00","1.25"
13,1,"2.91","0.32","0.00","0.82","1.00","0.00","0.67","0.00","0.00","-18.96","-18.96","1.00","2.93"
14,1,"1.83","0.02","0.00","1.97","1.00","0.00","0.65","0.00","0.00","-21.29","-21.29","1.00","1.84"
15,1,"1.56","0.00","0.00","1.01","1.00","0.00","0.67","0.00","0.00","-9.64","-9.64","1.00","1.57"
16,1,"0.66","0.05","0.00","0.79","1.00","0.02","0.63","0.00","0.00","-15.67","-15.67","1.00","0.67"
17,1,"27.36","0.69","0.00","0.79","1.00","0.00","0.67","0.00","0.00","-22.07","-22.07","1.00","28.55"
18,1,"0.00","0.00","0.00","9.72","1.00","6.33","0.02","2.00","0.00","-18.16","-16.93","0.29","0.00"
19,1,"118.26","1.45","0.00","1.33","1.00","0.00","0.67","0.00","0.00","-29.12","-29.12","1.00","122.62"
20,1,"5.60","4.50","0.00","4.42","1.00","0.00","0.67","0.00","0.00","-40.55","-40.55","1.00","5.77"
21,1,"1.59","0.96","0.00","2.05","1.00","-0.02","0.67","0.00","0.00","-21.67","-21.68","1.00","1.52"
22,1,"0.00","0.00","0.00","16.91","1.00","0.16","0.54","0.00","0.00","-15.21","-15.13","0.93","1.31"
23,1,"2083.72","0.00","0.00","4.60","1.00","0.00","0.67","0.00","0.00","-9.76","-9.53","0.79","10000.00"
24,1,"6.65","0.00","0.00","3.27","1.00","0.00","0.67","0.00","0.00","-12.17","-11.96","0.81","6.06"
25,1,"327.91","0.93","0.00","0.91","1.00","0.00","0.67","0.00","0.00","-9.24","-9.24","1.00","307.91"
26,1,"4.63","0.72","0.00","1.17","1.00","0.00","0.67","0.00","0.00","-12.28","-12.28","1.00","4.72"
27,1,"234.10","1.01","0.00","0.99","1.00","0.00","0.67","0.00","0.00","-5.81","-5.81","1.00","234.10"
28,1,"0.00","0.00","1.00","0.00","0.00","0.00","1.00","0.00","0.00","0.00","0.00","1.00","0.00"
29,1,"0.00","0.00","1.00","0.00","0.00","0.00","1.00","0.00","0.00","0.00","0.00","1.00","0.00"
30,1,"0.00","0.00","1.00","0.00","0.00","0.00","1.00","0.00","0.00","0.00","0.00","1.00","0.00"
31,1,"1.67","0.09","0.00","2.22","1.00","0.09","0.58","0.00","0.00","-25.59","-25.59","1.00","1.66"
32,1,"0.19","0.01","0.00","2.73","1.00","1.01","0.32","0.00","0.00","-23.46","-23.46","1.00","0.18"
33,1,"8.06","0.00","0.00","12.85","1.00","0.06","0.60","0.00","0.00","-24.36","-24.05","0.74","9.48"
34,1,"2.33","0.26","0.00","3.10","1.00","0.04","0.61","0.00","0.00","-19.08","-18.93","0.86","2.43"
35,1,"3.22","1.50","0.00","1.73","1.00","0.00","0.67","0.00","0.00","-28.46","-28.46","1.00","3.20"
36,1,"18.28","0.00","0.00","3.51","1.00","0.00","0.67","0.00","0.00","-14.85","-14.69","0.85","17.84"
37,1,"2.44","0.00","0.00","9.93","1.00","1.33","0.26","1.00","0.00","-27.55","-25.66","0.15","2.72"
38,1,"9.36","0.00","0.00","2.65","1.00","0.00","0.67","0.00","0.00","-10.27","-10.27","1.00","9.18"
39,1,"4.00","0.27","0.00","0.85","1.00","0.00","0.67","0.00","0.00","-11.66","-11.66","1.00","4.01"
40,1,"0.97","0.45","0.00","3.27","1.00","0.37","0.47","0.00","0.00","-23.88","-23.74","0.87","1.09"
41,1,"3.51","0.74","0.00","1.02","1.00","0.00","0.67","0.00","0.00","-17.59","-17.59","1.00","3.57"
42,1,"42.44","0.00","0.00","0.00","1.00","0.00","0.67","0.00","0.00","-3.98","-3.98","1.00","83.60"
43,1,"0.00","0.00","0.00","0.59","1.00","0.05","0.61","0.00","0.00","-7.70","-7.70","1.00","0.00"
44,1,"4.56","1.07","0.00","1.82","1.00","0.00","0.67","0.00","0.00","-14.74","-14.75","1.00","4.39"
45,1,"4.08","0.61","0.00","1.13","1.00","0.00","0.67","0.00","0.00","-11.51","-11.51","1.00","4.20"
46,1,"3.24","0.65","0.00","1.36","1.00","0.00","0.67","0.00","0.00","-10.56","-10.56","1.00","3.35"
47,1,"14.86","0.00","0.00","4.45","1.00","0.00","0.67","0.00","0.00","-9.75","-9.57","0.83","13.34"
48,1,"2.37","0.20","0.00","3.34","1.00","0.04","0.61","0.00","0.00","-14.00","-14.00","1.00","2.35"
49,1,"5.34","2.01","0.00","2.44","1.00","0.00","0.67","0.00","0.00","-14.99","-14.99","1.00","5.34"
50,1,"4.22","0.00","0.00","1.71","1.00","0.00","0.67","0.00","0.00","-4.76","-4.76","1.00","4.29"
51,1,"1.45","0.05","0.00","375.22","1.00","-0.41","0.67","0.00","0.00","-16.68","-16.68","1.00","1.28"
52,1,"0.00","0.00","0.00","1.85","1.00","0.54","0.42","0.00","0.00","-9.56","-9.56","1.00","0.00"
53,1,"1.28","0.06","0.00","1594.86","1.00","-0.17","0.67","0.00","0.00","-11.03","-11.03","1.00","1.28"
54,1,"0.00","0.00","0.00","1.27","1.00","0.98","0.32","0.00","0.00","-7.10","-7.10","1.00","0.00"
55,1,"0.00","0.00","1.00","0.00","0.00","0.00","1.00","0.00","0.00","0.00","0.00","1.00","0.00"
56,1,"2.16","1.19","0.00","3.24","1.00","0.01","0.65","0.00","0.00","-18.19","-18.18","1.00","2.16"
57,1,"1.17","0.00","0.00","22.34","1.00","1.36","0.26","1.00","0.00","-14.56","-13.71","0.43","1.15"
58,1,"2.30","0.00","0.00","3.09","1.00","0.02","0.63","1.00","0.00","-11.11","-11.05","0.94","2.37"
59,1,"9.80","0.00","0.00","2.81","1.00","0.00","0.67","0.00","0.00","-16.39","-16.32","0.93","10.02"
60,1,"0.00","0.00","0.00","1.08","1.00","1.57","0.23","0.00","0.00","-14.09","-14.09","1.00","0.00"
61,1,"2.13","0.00","0.00","4.89","1.00","0.27","0.50","0.00","0.00","-22.19","-21.72","0.62","2.18"
62,1,"2.17","0.00","0.00","1.28","1.00","0.00","0.67","0.00","0.00","-7.01","-7.01","1.00","2.15"
63,1,"11.96","2.41","0.00","5.46","1.00","0.00","0.67","0.00","0.00","-13.33","-13.33","1.00","11.94"
64,1,"0.00","0.00","0.00","117.88","1.00","2.61","0.13","0.00","0.00","-16.13","-14.96","0.31","1.30"
65,1,"0.00","0.00","0.00","21.43","1.00","1.33","0.26","0.00","0.00","-20.09","-19.99","0.90","1.31"
66,1,"7.73","0.31","0.00","2.25","1.00","0.00","0.67","0.00","0.00","-14.57","-14.57","1.00","7.57"
67,1,"10.84","0.00","0.00","61.73","1.00","1.53","0.23","2.00","0.00","-35.66","-29.64","0.00","16.07"
68,1,"1.97","0.95","0.00","175.98","1.00","3.70","0.07","0.00","0.00","-41.84","-37.00","0.01","3.85"
69,1,"8.58","0.29","0.00","36.05","1.00","1.18","0.29","2.00","0.00","-33.71","-30.99","0.07","9.49"
70,1,"1.09","0.09","0.00","1.86","1.00","0.22","0.52","0.00","0.00","-23.07","-23.07","1.00","1.01"
71,1,"36.50","0.00","0.00","10.88","1.00","0.00","0.67","0.00","0.00","-33.51","-32.60","0.40","37.28"
72,1,"0.00","0.00","1.00","0.00","0.00","0.00","1.00","0.00","0.00","0.00","0.00","1.00","0.00"
73,1,"0.00","0.00","1.00","0.00","0.00","0.00","1.00","0.00","0.00","0.00","0.00","1.00","0.00"
74,1,"0.00","0.00","1.00","0.00","0.00","0.00","1.00","0.00","0.00","0.00","0.00","1.00","0.00"
75,1,"0.00","0.00","1.00","0.00","0.00","0.00","1.00","0.00","0.00","0.00","0.00","1.00","0.00"
76,1,"0.00","0.00","1.00","0.00","0.00","0.00","1.00","0.00","0.00","0.00","0.00","1.00","0.00"
77,1,"0.00","0.00","1.00","0.00","0.00","0.00","1.00","0.00","0.00","0.00","0.00","1.00","0.00"
78,1,"0.00","0.00","1.00","0.00","0.00","0.00","1.00","0.00","0.00","0.00","0.00","1.00","0.00"
79,1,"0.00","0.00","1.00","0.00","0.00","0.00","1.00","0.00","0.00","0.00","0.00","1.00","0.00"
80,1,"0.00","0.00","1.00","0.00","0.00","0.00","1.00","0.00","0.00","0.00","0.00","1.00","0.00"
81,1,"0.00","0.00","1.00","0.00","0.00","0.00","1.00","0.00","0.00","0.00","0.00","1.00","0.00"
82,1,"0.00","0.00","1.00","0.00","0.00","0.00","1.00","0.00","0.00","0.00","0.00","1.00","0.00"
83,1,"0.00","0.00","1.00","0.00","0.00","0.00","1.00","0.00","0.00","0.00","0.00","1.00","0.00"
84,1,"0.00","0.00","1.00","0.00","0.00","0.00","1.00","0.00","0.00","0.00","0.00","1.00","0.00"
85,1,"0.00","0.00","1.00","0.00","0.00","0.00","1.00","0.00","0.00","0.00","0.00","1.00","0.00"
86,1,"0.00","0.00","1.00","0.00","0.00","0.00","1.00","0.00","0.00","0.00","0.00","1.00","0.00"
87,1,"0.00","0.00","1.00","0.00","0.00","0.00","1.00","0.00","0.00","0.00","0.00","1.00","0.00"
88,1,"0.00","0.00","1.00","0.00","0.00","0.00","1.00","0.00","0.00","0.00","0.00","1.00","0.00"
89,1,"0.00","0.00","1.00","0.00","0.00","0.00","1.00","0.00","0.00","0.00","0.00","1.00","0.00"
90,1,"0.00","0.00","1.00","0.00","0.00","0.00","1.00","0.00","0.00","0.00","0.00","1.00","0.00"
91,1,"0.00","0.00","1.00","0.00","0.00","0.00","1.00","0.00","0.00","0.00","0.00","1.00","0.00"
92,1,"0.00","0.00","1.00","0.00","0.00","0.00","1.00","0.00","0.00","0.00","0.00","1.00","0.00"
93,1,"0.00","0.00","1.00","0.00","0.00","0.00","1.00","0.00","0.00","0.00","0.00","1.00","0.00"
94,1,"0.00","0.00","1.00","0.00","0.00","0.00","1.00","0.00","0.00","0.00","0.00","1.00","0.00"
95,1,"0.00","0.00","1.00","0.00","0.00","0.00","1.00","0.00","0.00","0.00","0.00","1.00","0.00"
96,1,"0.00","0.00","1.00","0.00","0.00","0.00","1.00","0.00","0.00","0.00","0.00","1.00","0.00"
97,1,"0.00","0.00","1.00","0.00","0.00","0.00","1.00","0.00","0.00","0.00","0.00","1.00","0.00"
98,1,"0.00","0.00","1.00","0.00","0.00","0.00","1.00","0.00","0.00","0.00","0.00","1.00","0.00"
99,1,"0.00","0.00","1.00","0.00","0.00","0.00","1.00","0.00","0.00","0.00","0.00","1.00","0.00"
100,1,"0.00","0.00","1.00","0.00","0.00","0.00","1.00","0.00","0.00","0.00","0.00","1.00","0.00"
101,1,"0.00","0.00","1.00","0.00","0.00","0.00","1.00","0.00","0.00","0.00","0.00","1.00","0.00"
102,1,"0.00","0.00","1.00","0.00","0.00","0.00","1.00","0.00","0.00","0.00","0.00","1.00","0.00"
103,1,"0.00","0.00","1.00","0.00","0.00","0.00","1.00","0.00","0.00","0.00","0.00","1.00","0.00"
104,1,"0.00","0.00","1.00","0.00","0.00","0.00","1.00","0.00","0.00","0.00","0.00","1.00","0.00"
105,1,"0.00","0.00","1.00","0.00","0.00","0.00","1.00","0.00","0.00","0.00","0.00","1.00","0.00"
106,1,"0.00","0.00","1.00","0.00","0.00","0.00","1.00","0.00","0.00","0.00","0.00","1.00","0.00"
107,1,"0.00","0.00","1.00","0.00","0.00","0.00","1.00","0.00","0.00","0.00","0.00","1.00","0.00"
108,1,"0.00","0.00","1.00","0.00","0.00","0.00","1.00","0.00","0.00","0.00","0.00","1.00","0.00"
109,1,"0.00","0.00","1.00","0.00","0.00","0.00","1.00","0.00","0.00","0.00","0.00","1.00","0.00"
110,1,"0.00","0.00","1.00","0.00","0.00","0.00","1.00","0.00","0.00","0.00","0.00","1.00","0.00"
111,1,"0.00","0.00","1.00","0.00","0.00","0.00","1.00","0.00","0.00","0.00","0.00","1.00","0.00"
112,1,"0.00","0.00","1.00","0.00","0.00","0.00","1.00","0.00","0.00","0.00","0.00","1.00","0.00"
113,1,"0.00","0.00","1.00","0.00","0.00","0.00","1.00","0.00","0.00","0.00","0.00","1.00","0.00"
114,1,"0.00","0.00","1.00","0.00","0.00","0.00","1.00","0.00","0.00","0.00","0.00","1.00","0.00"
115,1,"0.00","0.00","1.00","0.00","0.00","0.00","1.00","0.00","0.00","0.00","0.00","1.00","0.00"
116,1,"0.00","0.00","1.00","0.00","0.00","0.00","1.00","0.00","0.00","0.00","0.00","1.00","0.00"
117,1,"0.00","0.00","1.00","0.00","0.00","0.00","1.00","0.00","0.00","0.00","0.00","1.00","0.00"
118,1,"0.00","0.00","1.00","0.00","0.00","0.00","1.00","0.00","0.00","0.00","0.00","1.00","0.00"
119,1,"0.00","0.00","1.00","0.00","0.00","0.00","1.00","0.00","0.00","0.00","0.00","1.00","0.00"
120,1,"0.00","0.00","1.00","0.00","0.00","0.00","1.00","0.00","0.00","0.00","0.00","1.00","0.00"
121,1,"0.00","0.00","1.00","0.00","0.00","0.00","1.00","0.00","0.00","0.00","0.00","1.00","0.00"
122,1,"0.00","0.00","1.00","0.00","0.00","0.00","1.00","0.00","0.00","0.00","0.00","1.00","0.00"
123,1,"0.00","0.00","1.00","0.00","0.00","0.00","1.00","0.00","0.00","0.00","0.00","1.00","0.00"
124,1,"0.00","0.00","1.00","0.00","0.00","0.00","1.00","0.00","0.00","0.00","0.00","1.00","0.00"
125,1,"0.00","0.00","1.00","0.00","0.00","0.00","1.00","0.00","0.00","0.00","0.00","1.00","0.00"
126,1,"0.00","0.00","1.00","0.00","0.00","0.00","1.00","0.00","0.00","0.00","0.00","1.00","0.00"
127,1,"0.00","0.00","1.00","0.00","0.00","0.00","1.00","0.00","0.00","0.00","0.00","1.00","0.00"
128,1,"0.00","0.00","1.00","0.00","0.00","0.00","1.00","0.00","0.00","0.00","0.00","1.00","0.00"
129,1,"0.00","0.00","1.00","0.00","0.00","0.00","1.00","0.00","0.00","0.00","0.00","1.00","0.00"
130,1,"0.00","0.00","1.00","0.00","0.00","0.00","1.00","0.00","0.00","0.00","0.00","1.00","0.00"
131,1,"0.00","0.00","1.00","0.00","0.00","0.00","1.00","0.00","0.00","0.00","0.00","1.00","0.00"
132,1,"0.00","0.00","1.00","0.00","0.00","0.00","1.00","0.00","0.00","0.00","0.00","1.00","0.00"
133,1,"0.00","0.00","1.00","0.00","0.00","0.00","1.00","0.00","0.00","0.00","0.00","1.00","0.00"
134,1,"0.00","0.00","1.00","0.00","0.00","0.00","1.00","0.00","0.00","0.00","0.00","1.00","0.00"
135,1,"0.00","0.00","1.00","0.00","0.00","0.00","1.00","0.00","0.00","0.00","0.00","1.00","0.00"
136,1,"0.00","0.00","1.00","0.00","0.00","0.00","1.00","0.00","0.00","0.00","0.00","1.00","0.00"
137,1,"0.00","0.00","1.00","0.00","0.00","0.00","1.00","0.00","0.00","0.00","0.00","1.00","0.00"
138,1,"0.00","0.00","1.00","0.00","0.00","0.00","1.00","0.00","0.00","0.00","0.00","1.00","0.00"
139,1,"0.00","0.00","1.00","0.00","0.00","0.00","1.00","0.00","0.00","0.00","0.00","1.00","0.00"
140,1,"0.00","0.00","1.00","0.00","0.00","0.00","1.00","0.00","0.00","0.00","0.00","1.00","0.00"
141,1,"0.00","0.00","1.00","0.00","0.00","0.00","1.00","0.00","0.00","0.00","0.00","1.00","0.00"
142,1,"0.00","0.00","1.00","0.00","0.00","0.00","1.00","0.00","0.00","0.00","0.00","1.00","0.00"
143,1,"0.00","0.00","1.00","0.00","0.00","0.00","1.00","0.00","0.00","0.00","0.00","1.00","0.00"
144,1,"0.00","0.00","1.00","0.00","0.00","0.00","1.00","0.00","0.00","0.00","0.00","1.00","0.00"
145,1,"0.00","0.00","1.00","0.00","0.00","0.00","1.00","0.00","0.00","0.00","0.00","1.00","0.00"
146,1,"0.00","0.00","1.00","0.00","0.00","0.00","1.00","0.00","0.00","0.00","0.00","1.00","0.00"
147,1,"0.00","0.00","1.00","0.00","0.00","0.00","1.00","0.00","0.00","0.00","0.00","1.00","0.00"
148,1,"3.21","0.87","0.00","1.06","1.00","0.00","0.67","0.00","0.00","-23.46","-23.46","1.00","3.17"
149,1,"1.12","0.00","0.00","0.64","1.00","0.00","0.67","0.00","0.00","-6.33","-6.33","1.00","1.13"
150,1,"3.04","0.17","0.00","3.67","1.00","0.04","0.61","0.00","0.00","-28.55","-28.55","1.00","3.02"
151,1,"3.64","0.85","0.00","316.04","1.00","1.06","0.31","0.00","0.00","-23.14","-22.55","0.55","3.19"
152,1,"55.99","0.00","0.00","0.00","1.00","0.00","0.67","0.00","0.00","-12.50","-12.50","1.00","55.43"
153,1,"7.18","0.00","0.00","1.96","1.00","0.00","0.67","0.00","0.00","-8.99","-8.99","1.00","6.94"
154,1,"13.80","0.00","0.00","5.13","1.00","0.00","0.67","0.00","0.00","-23.02","-21.65","0.26","15.95"
155,1,"1.21","0.00","0.00","0.71","1.00","0.00","0.67","0.00","0.00","-7.94","-7.94","1.00","1.24"
156,1,"1.12","0.00","0.00","0.64","1.00","0.00","0.67","0.00","0.00","-6.33","-6.33","1.00","1.13"
157,1,"89.59","2.32","0.00","2.23","1.00","0.00","0.67","0.00","0.00","-35.48","-35.48","1.00","88.01"
158,1,"0.00","0.00","0.00","1.95","1.00","2.50","0.14","1.00","0.00","-18.46","-18.46","1.00","0.00"
159,1,"1.02","1.02","0.00","29.93","1.00","2.69","0.13","0.00","0.00","-28.68","-27.68","0.37","0.73"
160,1,"13.87","0.46","0.00","0.53","1.00","0.00","0.67","0.00","0.00","-19.58","-19.58","1.00","13.78"
161,1,"4.93","0.00","0.00","14.15","1.00","0.45","0.44","0.00","0.00","-16.41","-15.89","0.59","4.51"
162,1,"2.87","0.00","0.00","1.74","1.00","0.00","0.67","0.00","0.00","-7.36","-7.36","1.00","2.83"
163,1,"1.16","0.00","0.00","4.12","1.00","0.44","0.45","0.00","0.00","-16.20","-15.67","0.59","1.23"
164,1,"9.36","0.00","0.00","2.09","1.00","0.00","0.67","0.00","0.00","-9.70","-9.70","1.00","9.14"
165,1,"7.02","0.21","0.00","2.89","1.00","0.00","0.67","0.00","0.00","-22.82","-22.82","1.00","6.69"
166,1,"22.53","0.00","0.00","7.28","1.00","0.00","0.67","0.00","0.00","-36.94","-36.49","0.64","25.72"
167,1,"1.30","0.98","0.00","2.31","1.00","0.02","0.63","0.00","0.00","-16.25","-16.24","0.99","1.38"
168,1,"1834.82","1.07","0.00","1.00","1.00","0.00","0.67","0.00","0.00","-12.26","-12.26","1.00","1834.82"
169,1,"2.20","0.09","0.00","4.74","1.00","0.24","0.51","0.00","0.00","-14.44","-14.44","1.00","2.24"
170,1,"0.00","0.00","1.00","0.00","0.00","0.00","1.00","0.00","0.00","0.00","0.00","1.00","0.00"
171,1,"0.00","0.00","1.00","0.00","0.00","0.00","1.00","0.00","0.00","0.00","0.00","1.00","0.00"
172,1,"0.00","0.00","1.00","0.00","0.00","0.00","1.00","0.00","0.00","0.00","0.00","1.00","0.00"
173,1,"0.00","0.00","1.00","0.00","0.00","0.00","1.00","0.00","0.00","0.00","0.00","1.00","0.00"
174,1,"1990.79","2.00","0.00","0.99","1.00","0.00","0.67","0.00","0.00","-9.03","-9.04","1.00","3438.28"
175,1,"11.60","0.00","0.00","3.01","1.00","0.00","0.67","0.00","0.00","-14.13","-14.01","0.89","12.35"
176,1,"0.00","0.00","0.00","35.90","1.00","9.25","0.00","1.00","0.00","-15.93","-11.29","0.01","0.00"
177,1,"1.32","0.05","0.00","1.64","1.00","0.02","0.63","0.00","0.00","-10.30","-10.30","1.00","1.29"
178,1,"3.39","0.62","0.00","1.22","1.00","0.00","0.67","0.00","0.00","-9.52","-9.52","1.00","3.12"
179,1,"0.00","0.00","1.00","0.00","0.00","0.00","1.00","0.00","0.00","0.00","0.00","1.00","0.00"
180,1,"0.00","0.00","1.00","0.00","0.00","0.00","1.00","0.00","0.00","0.00","0.00","1.00","0.00"
181,1,"0.00","0.00","1.00","0.00","0.00","0.00","1.00","0.00","0.00","0.00","0.00","1.00","0.00"
182,1,"0.00","0.00","0.00","22.01","1.00","0.88","0.34","0.00","0.00","-11.63","-11.59","0.96","1.31"
183,1,"3.26","0.00","0.00","1.76","1.00","0.00","0.67","0.00","0.00","-7.56","-7.56","1.00","3.33"
184,1,"0.00","0.00","1.00","0.00","0.00","0.00","1.00","0.00","0.00","0.00","0.00","1.00","0.00"
185,1,"0.00","0.00","1.00","0.00","0.00","0.00","1.00","0.00","0.00","0.00","0.00","1.00","0.00"
186,1,"0.00","0.00","1.00","0.00","0.00","0.00","1.00","0.00","0.00","0.00","0.00","1.00","0.00"
187,1,"0.00","0.00","1.00","0.00","0.00","0.00","1.00","0.00","0.00","0.00","0.00","1.00","0.00"
188,1,"0.00","0.00","1.00","0.00","0.00","0.00","1.00","0.00","0.00","0.00","0.00","1.00","0.00"
189,1,"0.00","0.00","1.00","0.00","0.00","0.00","1.00","0.00","0.00","0.00","0.00","1.00","0.00"
190,1,"0.00","0.00","1.00","0.00","0.00","0.00","1.00","0.00","0.00","0.00","0.00","1.00","0.00"
191,1,"1.08","0.06","0.00","1.89","1.00","0.31","0.49","0.00","0.00","-26.39","-26.39","1.00","1.07"
192,1,"6.75","0.17","0.00","4.70","1.00","0.00","0.67","0.00","0.00","-32.64","-32.01","0.53","6.00"
193,1,"4.94","1.51","0.00","2.02","1.00","0.00","0.67","0.00","0.00","-27.26","-27.27","1.00","4.90"
194,1,"1.55","0.38","0.00","0.42","1.00","0.00","0.67","0.00","0.00","-17.86","-17.86","1.00","1.55"
195,1,"1.19","0.00","0.00","0.68","1.00","0.00","0.67","0.00","0.00","-7.84","-7.84","1.00","1.20"
196,1,"1.68","0.00","0.00","1.27","1.00","0.00","0.67","0.00","0.00","-9.88","-9.88","1.00","1.70"
197,1,"26.07","0.00","0.00","0.00","1.00","0.00","0.67","0.00","0.00","-11.70","-11.69","0.99","28.26"
198,1,"3.73","0.00","0.00","6.09","1.00","0.15","0.55","2.00","0.00","-22.15","-20.80","0.26","3.81"
199,1,"3.83","0.21","0.00","4.04","1.00","0.00","0.65","0.00","0.00","-27.87","-27.87","1.00","3.81"
200,1,"6.88","1.63","0.00","1.76","1.00","0.00","0.67","0.00","0.00","-24.69","-24.69","1.00","6.85"
201,1,"24.16","0.00","0.00","68.22","1.00","0.39","0.46","0.00","0.00","-24.02","-20.20","0.02","38.72"
202,1,"6.05","0.55","0.00","1.25","1.00","0.00","0.67","0.00","0.00","-17.02","-17.02","1.00","6.12"
203,1,"0.00","0.00","1.00","0.00","0.00","0.00","1.00","0.00","0.00","0.00","0.00","1.00","0.00"
204,1,"14.64","0.07","0.00","10.45","1.00","0.00","0.67","0.00","0.00","-15.69","-15.36","0.72","16.67"
205,1,"20.17","0.00","0.00","0.00","1.00","0.00","0.67","0.00","0.00","-8.47","-8.47","1.00","20.45"
206,1,"8.02","4.02","0.00","6.03","1.00","0.00","0.67","0.00","0.00","-34.88","-34.88","1.00","8.35"
207,1,"0.55","0.00","0.00","5.38","1.00","1.28","0.27","1.00","0.00","-26.46","-25.90","0.58","1.01"
208,1,"1.65","0.00","0.00","17.89","1.00","2.10","0.17","1.00","0.00","-17.16","-14.41","0.06","1.13"
209,1,"8.45","0.00","0.00","5.06","1.00","0.00","0.67","0.00","0.00","-25.40","-24.51","0.41","8.97"
210,1,"1.59","0.49","0.00","0.89","1.00","0.00","0.67","0.00","0.00","-14.42","-14.42","1.00","1.52"
211,1,"2.91","1.02","0.00","0.54","1.00","0.00","0.67","0.00","0.00","-21.74","-21.74","1.00","2.94"
212,1,"15.71","0.00","0.00","0.00","1.00","0.00","0.67","0.00","0.00","-13.29","-13.29","1.00","15.89"
213,1,"0.61","0.00","0.00","36.66","1.00","7.97","0.01","2.00","0.00","-29.44","-22.39","0.00","1.16"
214,1,"43.98","1.31","0.00","0.99","1.00","0.00","0.67","0.00","0.00","-26.73","-26.73","1.00","43.93"
215,1,"1.05","0.04","0.00","6.03","1.00","2.87","0.11","0.00","0.00","-26.95","-26.96","1.00","1.03"
216,1,"4.68","0.39","0.00","4.44","1.00","0.00","0.67","0.00","0.00","-13.77","-13.77","1.00","4.33"
217,1,"19.60","0.61","0.00","0.57","1.00","0.00","0.67","0.00","0.00","-8.32","-8.32","1.00","15.86"
218,1,"1.59","0.00","0.00","51.10","1.00","-0.04","0.67","0.00","0.00","-12.76","-12.76","1.00","1.29"
219,1,"0.00","0.00","0.00","0.92","1.00","1.12","0.30","0.00","0.00","-7.19","-7.19","1.00","0.00"
220,1,"1.28","0.06","0.00","1594.86","1.00","-0.01","0.67","0.00","0.00","-7.87","-7.87","1.00","1.28"
221,1,"354.91","1.50","0.00","1.55","1.00","0.00","0.67","0.00","0.00","-7.03","-7.03","1.00","674.62"
222,1,"8.97","0.97","0.00","1.50","1.00","0.00","0.67","0.00","0.00","-6.68","-6.68","1.00","9.93"
223,1,"10000.00","0.93","0.00","1.00","1.00","0.00","0.67","0.00","0.00","-7.91","-7.91","1.00","10000.00"
224,1,"0.00","0.00","0.00","13.93","1.00","0.14","0.56","0.00","0.00","-9.29","-9.25","0.96","1.32"
225,1,"1.31","0.07","0.00","18.15","1.00","0.01","0.65","0.00","0.00","-7.98","-7.99","1.00","1.31"
226,1,"8.97","0.97","0.00","1.50","1.00","0.00","0.67","0.00","0.00","-6.68","-6.68","1.00","9.93"
227,1,"0.00","0.00","1.00","0.00","0.00","0.00","1.00","0.00","0.00","0.00","0.00","1.00","0.00"
228,1,"0.00","0.00","1.00","0.00","0.00","0.00","1.00","0.00","0.00","0.00","0.00","1.00","0.00"
229,1,"0.00","0.00","1.00","0.00","0.00","0.00","1.00","0.00","0.00","0.00","0.00","1.00","0.00"
230,1,"0.00","0.00","1.00","0.00","0.00","0.00","1.00","0.00","0.00","0.00","0.00","1.00","0.00"
